{
    "accuracy": 0.5005,
    "precision": 0.5032658350871777,
    "recall": 0.5005,
    "auc": 0.6770550809481316
}