{
    "Accuracy": 0.5005,
    "Precision": 0.5032658350871777,
    "Recall": 0.5005,
    "Auc": 0.6770550809481316
}