{
    "Accuracy": 0.4989375,
    "Precision": 0.49429987825827504,
    "Recall": 0.4989375,
    "Auc": 0.6765789343303107
}